title,company,location,description,experience,salary,link
Photography Jobs Opening in Novocom Ventures Private Limited at BangaloreLess,Novocom Ventures Private Limited,Bangalore,Apply to Photography Jobs in Novocom Ventures Private Li...,0 Years,Salary not disclosed,/jobs-in-bangalore/9999016065
"HR Recruiter Jobs Opening in Jnj technologies and services LLP at Vijayawada-Others, VijayawadaLess",Jnj technologies and services LLP,Vijayawada,Apply to HR Recruiter Jobs in Jnj technologies and servi...,0 Years,15000 - 25000 Monthly,/jobs-in-vijayawada/999902012
"HR Executive Jobs Opening in Styflowne Finance Services Private Limited at Anand Vihar, Chandni Chowk, Janpath, Mumbai, Noida, DelhiLess",Styflowne Finance Services Private Limited,"Delhi, Mumbai, Noida",Apply to HR Executive Jobs in Styflowne Finance Services...,0 Years,8000 Monthly,/jobs-in-delhi/9999035026
"Recruiter Jobs Opening in Department of Women and Child Development at Central Delhi, Delhi-Others, Airport Gandhinagar Highway, Ahmedabad, Gurgaon, DelhiLess",Department of Women and Child Development,"Delhi, Ahmedabad, Gurgaon",Apply to Recruiter Jobs in Department of Women and Child...,0.6 to 1.5 Years,15000 - 38000 Monthly,/jobs-in-delhi/9999035026
"HR Recruiter Jobs Opening in BELAKU JOBS at Rajajinagar, BangaloreLess",BELAKU JOBS,Bangalore,"Apply to HR Recruiter Jobs in BELAKU JOBS, Bangalore fro...",0 Years,20000 - 30000 Monthly,/jobs-in-bangalore/9999016065
"Call Center Executive Jobs Opening in Votiko Solutions at Azara, Bannerghatta Road, Basaveshwara Nagar, Guwahati, Bangalore, KannurLess",Votiko Solutions,"Guwahati, Bangalore, Kannur","Apply to Call Center Executive Jobs in Votiko Solutions,...",0 Years,20000 - 70000 Monthly,/jobs-in-guwahati/999904016
"Call Center Executive Jobs Opening in Votiko Solutions at Azadpur, Connaught Place, Okhla, Ahmedabad, Bangalore, DelhiLess",Votiko Solutions,"Delhi, Ahmedabad, Bangalore","Apply to Call Center Executive Jobs in Votiko Solutions,...",0 Years,20000 - 70000 Monthly,/jobs-in-delhi/9999035026
"Financial Advisor Jobs Opening in LEADING LIFE INSURANCE at Lucknow, Lakhimpur KheriLess",LEADING LIFE INSURANCE,"Lucknow, Lakhimpur Kheri",Apply to Financial Advisor Jobs in LEADING LIFE INSURANC...,0 Years,35000 - 100000 Monthly,/jobs-in-lucknow/99990320148
"Business Analyst Jobs Opening in SDS Softpro at Noida-Others, NoidaLess",SDS Softpro,Noida,"Apply to Business Analyst Jobs in SDS Softpro, Noida fro...",0 Years,10000 - 20000 Monthly,/jobs-in-noida/99990320152
"Data Entry Operator Jobs Opening in Inet.solution at Avinashi Road, Ganapathy, Peelamedu, CoimbatoreLess",Inet.solution,Coimbatore,"Apply to Data Entry Operator Jobs in Inet.solution, Coim...",0 Years,7000 - 18000 Monthly,/jobs-in-coimbatore/99990300126
"Telecaller Jobs Opening in GEI at Adarsh Nagar, Bindayaka, C Scheme, JaipurLess",GEI,Jaipur,"Apply to Telecaller Jobs in GEI, Jaipur from fresher. Fi...",0 Years,5000 - 10000 Monthly,/jobs-in-jaipur/99990280119
"Software Engineer Intern Jobs Opening in Tecell India Private Limited at Rajarajeshwari Nagar, BangaloreLess",Tecell India Private Limited,Bangalore,Apply to Software Engineer Intern Jobs in Tecell India P...,0 Years,5000 Monthly,/jobs-in-bangalore/9999016065
"Telecaller Jobs Opening in Solviffy at Dum Dum, Hatibagan, Salt Lake, KolkataLess",Solviffy,Kolkata,"Apply to Telecaller Jobs in Solviffy, Kolkata from fresh...",0 Years,20000 - 30000 Monthly,/jobs-in-kolkata/99990340160
"Freelance/ Part-Time - Insurance Advisor Jobs Opening in Tata AIA at Gachibowli, Bangalore, Pune, HyderabadLess",Tata AIA,"Hyderabad, Bangalore, Pune",Apply to Freelance/ Part-Time - Insurance Advisor Jobs i...,0 Years,50000 - 300000 Monthly,/jobs-in-hyderabad/999903705
"Website Developer Jobs Opening in Ideal Career Zone at Shyam Bazar, KolkataLess",Ideal Career Zone,Kolkata,"Apply to Website Developer Jobs in Ideal Career Zone, Ko...",0 Years,10000 - 30000 Monthly,/jobs-in-kolkata/99990340160
Billing Executive Jobs Opening in Grand godwin hotel at DelhiLess,Grand godwin hotel,Delhi,"Apply to Billing Executive Jobs in Grand godwin hotel, D...",0 Years,Salary not disclosed,/jobs-in-delhi/9999035026
"SEO Executive Jobs Opening in FUNFULTRIP at Laxmi Nagar, Ghaziabad, Noida, DelhiLess",FUNFULTRIP,"Delhi, Ghaziabad, Noida","Apply to SEO Executive Jobs in FUNFULTRIP, Ghaziabad, No...",0 Years,10000 - 15000 Monthly,/jobs-in-delhi/9999035026
"HR Executive Jobs Opening in Skyflowne finance services pvt ltd at Noida-Others, NoidaLess",Skyflowne finance services pvt ltd,Noida,Apply to HR Executive Jobs in Skyflowne finance services...,0 Years,Salary not disclosed,/jobs-in-noida/99990320152
"Software Trainee Jobs Opening in KIPSMA PVT. LTD. at Noida-Others, NoidaLess",KIPSMA PVT. LTD.,Noida,"Apply to Software Trainee Jobs in KIPSMA PVT. LTD., Noid...",0 Years,Salary not disclosed,/jobs-in-noida/99990320152
"Call Center Executive Jobs Opening in Votiko Solutions at Bavdhan, Bund Garden Road, Deccan Gymkhana, PuneLess",Votiko Solutions,Pune,"Apply to Call Center Executive Jobs in Votiko Solutions,...",0 Years,20000 - 70000 Monthly,/jobs-in-pune/9999020098
"Business Executive Jobs Opening in Jeevan Health Care at Kolkata-Others, KolkataLess",Jeevan Health Care,Kolkata,"Apply to Business Executive Jobs in Jeevan Health Care, ...",0 Years,Salary not disclosed,/jobs-in-kolkata/99990340160
"Content Intern Jobs Opening in Born In Flight at Basaveshwara Nagar, BangaloreLess",Born In Flight,Bangalore,"Apply to Content Intern Jobs in Born In Flight, Bangalor...",0 Years,3000 Monthly,/jobs-in-bangalore/9999016065
"Graphic Designer Jobs Opening in ADDHURI EVENTS at Brookefields, BangaloreLess",ADDHURI EVENTS,Bangalore,"Apply to Graphic Designer Jobs in ADDHURI EVENTS, Bangal...",0 Years,15000 - 25000 Monthly,/jobs-in-bangalore/9999016065
"Call Center Executives Jobs Opening in Votiko Solutions at Ameerpet, Sector 15, Noida, Salt Lake, Noida, Kolkata, HyderabadLess",Votiko Solutions,"Hyderabad, Noida, Kolkata",Apply to Call Center Executives Jobs in Votiko Solutions...,0 Years,20000 - 70000 Monthly,/jobs-in-hyderabad/999903705
"Operations Officer Jobs Opening in J Consultants at Saibaba Colony, CoimbatoreLess",J Consultants,Coimbatore,"Apply to Operations Officer Jobs in J Consultants, Coimb...",0 Years,8000 - 12000 Monthly,/jobs-in-coimbatore/99990300126
Telecaller Jobs Opening in WIRE MONSTER at ChandigarhLess,WIRE MONSTER,Chandigarh,"Apply to Telecaller Jobs in WIRE MONSTER, Chandigarh fro...",0 Years,7000 - 20000 Monthly,/jobs-in-chandigarh/999906
"HR Internship Jobs Opening in Addhuri Events OPC Private Limited at Amraiwadi, Borivali East, Ahmedabad, Bhuj, MumbaiLess",Addhuri Events OPC Private Limited,"Ahmedabad, Bhuj, Mumbai",Apply to HR Internship Jobs in Addhuri Events OPC Privat...,0 Years,25000 - 45000 Monthly,/jobs-in-ahmedabad/9999011030
"HR Recruiter Jobs Opening in Addhuri Events OPC Private Limited at Ambavadi, Borivali West, Ahmedabad, Bhuj, MumbaiLess",Addhuri Events OPC Private Limited,"Ahmedabad, Bhuj, Mumbai",Apply to HR Recruiter Jobs in Addhuri Events OPC Private...,0 Years,Salary not disclosed,/jobs-in-ahmedabad/9999011030
"Call Center Executive Jobs Opening in Votiko Solutions at Railway Station Road, Shamshabad, Alaknanda, Ahmedabad, Delhi, HyderabadLess",Votiko Solutions,"Hyderabad, Delhi, Ahmedabad","Apply to Call Center Executive Jobs in Votiko Solutions,...",0 Years,20000 - 70000 Monthly,/jobs-in-hyderabad/999903705
"Insurance Advisor Jobs Opening in FUTURE ASSETS at Aminijikarai, Choolaimedu, K.K. Nagar, ChennaiLess",FUTURE ASSETS,Chennai,"Apply to Insurance Advisor Jobs in FUTURE ASSETS, Chenna...",0 Years,25000 - 100000 Monthly,/jobs-in-chennai/99990300125
"Data Entry Operator Jobs Opening in Trading Euphoria at Yelahanka, BangaloreLess",Trading Euphoria,Bangalore,"Apply to Data Entry Operator Jobs in Trading Euphoria, B...",0 Years,5000 - 5500 Monthly,/jobs-in-bangalore/9999016065
"Remote Work From Home Jobs Opening in Digitalize at Patna, Bhubaneswar, DehradunLess",Digitalize,"Patna, Bhubaneswar, Dehradun","Apply to Remote Work From Home Jobs in Digitalize, Patna...",0 Years,10000 - 15000 Monthly,/jobs-in-patna/999905019
Branding And Marketing Intern Jobs Opening in APPNEURAL Pvt. Ltd. at UdaipurLess,APPNEURAL Pvt. Ltd.,Udaipur,Apply to Branding And Marketing Intern Jobs in APPNEURAL...,0 Years,Salary not disclosed,/jobs-in-udaipur/99990280123
"HR Intern Jobs Opening in FeminineJobs at Bannerghatta Road, BangaloreLess",FeminineJobs,Bangalore,"Apply to HR Intern Jobs in FeminineJobs, Bangalore from ...",0 Years,Salary not disclosed,/jobs-in-bangalore/9999016065
"Junior Software Developer Jobs Opening in Thinklabs LLC at Gachibowli, Jeedimetla, Kacheguda, Ahmedabad, Bangalore, HyderabadLess",Thinklabs LLC,"Hyderabad, Ahmedabad, Bangalore",Apply to Junior Software Developer Jobs in Thinklabs LLC...,0 Years,20000 - 25000 Monthly,/jobs-in-hyderabad/999903705
"We Are Providing Online Data Entry Work At Home Based Work Jobs Opening in Spancore technology at 100 Feet Road, Ganapathy, Peelamedu, CoimbatoreLess",Spancore technology,Coimbatore,Apply to We Are Providing Online Data Entry Work At Home...,0 Years,4500 - 6500 Monthly,/jobs-in-coimbatore/99990300126
"Data Entry Specialist Jobs Opening in Ayatrio at Camac Street Area, KolkataLess",Ayatrio,Kolkata,"Apply to Data Entry Specialist Jobs in Ayatrio, Kolkata ...",0 Years,Salary not disclosed,/jobs-in-kolkata/99990340160
"Telecaller Jobs Opening in G. I group at Anand Vihar, Ashok Vihar, Bhikaji Cama Place, Ahmedabad, Kolkata, DelhiLess",G. I group,"Delhi, Ahmedabad, Kolkata","Apply to Telecaller Jobs in G. I group, Ahmedabad, Kolka...",0 Years,15000 - 25000 Monthly,/jobs-in-delhi/9999035026
Data Entry Computer Operator Jobs Opening in Balaji Trading at MuzaffarpurLess,Balaji Trading,Muzaffarpur,Apply to Data Entry Computer Operator Jobs in Balaji Tra...,0 Years,5000 - 15000 Monthly,/jobs-in-muzaffarpur/9999050166
"Blog Content Writer Jobs Opening in Hookedme at Shibpur, Kolkata, HowrahLess",Hookedme,"Kolkata, Howrah","Apply to Blog Content Writer Jobs in Hookedme, Kolkata, ...",0 Years,Salary not disclosed,/jobs-in-kolkata/99990340160
"BPO/Telecaller Jobs Opening in Forever livingMultinational company at Begumpet, HyderabadLess",Forever livingMultinational company,Hyderabad,Apply to BPO/Telecaller Jobs in Forever livingMultinatio...,0 Years,25000 - 35000 Monthly,/jobs-in-hyderabad/999903705
"HR Internship Jobs Opening in Addhuri Events Pvt Ltd at Delhi-Others, DelhiLess",Addhuri Events Pvt Ltd,Delhi,"Apply to HR Internship Jobs in Addhuri Events Pvt Ltd, D...",0 Years,15000 - 45000 Monthly,/jobs-in-delhi/9999035026
"HR Internship Jobs Opening in Addhuri events at Bangalore-Others, BangaloreLess",Addhuri events,Bangalore,"Apply to HR Internship Jobs in Addhuri events, Bangalore...",0 Years,15000 - 45000 Monthly,/jobs-in-bangalore/9999016065
"Typing Work From Home Jobs Opening in CHRISTTECH at Dhanbad, Jamshedpur, RanchiLess",CHRISTTECH,"Dhanbad, Jamshedpur, Ranchi","Apply to Typing Work From Home Jobs in CHRISTTECH, Dhanb...",0 Years,7500 - 12000 Monthly,/jobs-in-dhanbad/9999015062
"Dot Net Developer Jobs Opening in Percept infosystem consultant at Gandhi Nagar, Jaripatka, Laxmi Nagar, NagpurLess",Percept infosystem consultant,Nagpur,Apply to Dot Net Developer Jobs in Percept infosystem co...,0 Years,7000 - 7001 Monthly,/jobs-in-nagpur/9999020095
"Telecaller Jobs Opening in Percept infosystem consultant at Jaripatka, Laxmi Nagar, Rana Pratap Nagar, NagpurLess",Percept infosystem consultant,Nagpur,Apply to Telecaller Jobs in Percept infosystem consultan...,0 Years,7000 - 15000 Monthly,/jobs-in-nagpur/9999020095
"Administration Executive Jobs Opening in Talentgram agency llp at Charni Road, MumbaiLess",Talentgram agency llp,Mumbai,Apply to Administration Executive Jobs in Talentgram age...,0 Years,15000 - 25000 Monthly,/jobs-in-mumbai/9999020093
"HR Internship Jobs Opening in Prointerns at HSR, BangaloreLess",Prointerns,Bangalore,"Apply to HR Internship Jobs in Prointerns, Bangalore fro...",0 Years,45000 - 60000 Monthly,/jobs-in-bangalore/9999016065
"NodeJs Trainer Jobs Opening in Mukund Programming Tutorials at Delhi-Others, Gurgaon City Centre, Gurgaon-Others, Gurgaon, Noida, DelhiLess",Mukund Programming Tutorials,"Delhi, Gurgaon, Noida",Apply to NodeJs Trainer Jobs in Mukund Programming Tutor...,0 Years,5000 - 8000 Monthly,/jobs-in-delhi/9999035026
"Back Office/Data Entry Jobs Opening in Our Company at C G Road, AhmedabadLess",Our Company,Ahmedabad,"Apply to Back Office/Data Entry Jobs in Our Company, Ahm...",0 Years,7000 - 8000 Monthly,/jobs-in-ahmedabad/9999011030
"Recruitment Executive Jobs Opening in NAVM HR Services LLP at Ashok Vihar, DelhiLess",NAVM HR Services LLP,Delhi,Apply to Recruitment Executive Jobs in NAVM HR Services ...,0 Years,10000 - 15000 Monthly,/jobs-in-delhi/9999035026
"Junior Android Developer Jobs Opening in Smartappgenerator at Ameerpet, Kukatpally, Madhapur, HyderabadLess",Smartappgenerator,Hyderabad,Apply to Junior Android Developer Jobs in Smartappgenera...,0 to 2 Years,10000 - 20000 Monthly,/jobs-in-hyderabad/999903705
